0 Crank Hinges Auto Closing - Regular,INR 30.00
16 M S Auto Closing - Regular,INR 0.00
"20' 4"" Tandom",INR 0.00
2008 Magnet Antique Brass,INR 0.00
5-Line SS Hinges Welded 3x1/2x3/4,INR 30.00
5-Line SS Hinges Welded 3x16,INR 35.00
5-Line SS Hinges Welded 3X3/4x3/4,INR 31.00
5-Line SS Hinges Welded 4x12,INR 72.00
5-Line SS Hinges Welded 4x12 ANT,INR 0.00
5-line SS Hinges Welded 4x14,INR 58.00
5-line SS Hinges Welded 4x1x1-1/4,INR 83.00
5-Line SS Hinges Welded 4x3/4x3/4,INR 43.00
5-Line SS Hinges Welded 4X3X3,INR 124.00
5-Line SS Hinges Welded 5x12,INR 93.00
5-Line SS Hinges Welded 5x12 ANT,INR 0.00
5-Line SS Hinges Welded 5x14,INR 72.00
5-line SS Hinges Welded 5x2.5x10,INR 135.00
5-Line SS Hinges Welded 5x3.5X10,INR 210.00
5-Line SS Hinges Welded 5x3x10,INR 150.00
5-Line SS Hinges Welded 6x12,INR 135.00
5-Line SS Hinges Welded 6x3.5x10,INR 250.00
5-Line SS Hinges Welded 6x3x10,INR 210.00
6 Wheel Orange,INR 0.00
7021 Black Cola 96mm,INR 247.00
7036 Cola 160mm,INR 322.00
7036 Cola 224mm,INR 451.00
7036 Cola 96mm,INR 188.00
8 Crank Hinges Auto Closing - Regular,INR 30.00
"A 554 10"" PVD Black Gold",INR 350.00
"A 554 10"" PVD Gold",INR 350.00
"A 554 10"" PVD Rose Gold",INR 350.00
"A 554 4"" PVD Gold",INR 200.00
"A 554 4"" PVD Rose Gold",INR 200.00
"A 554 8"" PVD Gold",INR 275.00
"A 554 8"" PVD Rose Gold",INR 275.00
"Aarna SS ""L"" Hinges Welded 75x10x6",INR 37.50
"Aarna SS ""L"" Hinges Welded 75x12x12",INR 40.50
"Aarna SS ""L"" Hinges Welded 75x12x19",INR 42.00
"Aarna SS ""L"" Hinges Welded 75x12x6",INR 39.00
"Aarna SS ""L"" Hinges Welded 75x19x12",INR 42.00
"Aarna SS ""L"" Hinges Welded 75x19x19",INR 43.50
Alu Handle 36''- Black,INR 2130.00
Alu Handle 36''- Gold,INR 2130.00
Alu Handle 36''- Rose Gold,INR 2130.00
"Alu Tower Bolt Polo Marble - 4""SS Finish",INR 52.00
"Alu Tower Bolt Polo Marble - 6""SS Finish",INR 78.00
"Alu Tower Bolt Polo Marble - 8""SS Finish",INR 104.00
"Apex SS Tower Bolt 4"" Matt",INR 0.00
"Baby Latch Alu Square 4""",INR 0.00
Brass Dead Lock 50mm,INR 500.00
Cloth Rack,INR 0.00
Costa Italy Double Track Roller - Regular,INR 260.00
Costa Italy Double Track Roller - Soft Close,INR 650.00
Costa Italy Ms 0 crank Hydraulic,INR 65.00
Costa Italy Ms 0 crank Regular,INR 30.00
Costa Italy Ms 15 crank Hydraulic,INR 65.00
Costa Italy Ms 8 crank Hydraulic,INR 65.00
Costa Italy Ms 8 crank Regular,INR 30.00
Costa Italy SS 304 0 crank Hydraulic,INR 130.00
Costa Italy SS 304 15 crank Hydraulic,INR 130.00
Costa Italy SS 304 8 crank Hydraulic,INR 130.00
Costa Italy Tublar Lock SS - Key,INR 800.00
Costa Italy Tublar Lock SS - Key - Less,INR 700.00
Costa Italy Tublar Lock SS - Antique - Key,INR 1000.00
Costa Italy Tublar Lock SS - Antique - Key - Less,INR 900.00
D Acer 12'',INR 0.00
Deccan SS Hinges Welded 4x14,INR 0.00
Deccan SS Hinges Welded 5x14,INR 55.00
Double Track Channel 6'' ft,INR 0.00
Double Track Channel 7'' ft,INR 0.00
Double Track Channel 8'' ft,INR 0.00
Lexory Drywall Screws 16x8 Nickle,INR 602.00
DTC 101 BA 160MM,INR 365.00
DTC 101 BA 256MM,INR 550.00
DTC 101 BA 96MM,INR 229.00
DTC 101 RG 160MM,INR 418.00
DTC 101 RG 256MM,INR 629.00
DTC 101 RG 96MM,INR 255.00
DTC 101 ST 160MM,INR 365.00
DTC 101 ST 256MM,INR 550.00
DTC 101 ST 96MM,INR 229.00
DTC 102 BA 160MM,INR 343.00
DTC 102 BA 224MM,INR 493.00
DTC 102 BA 96MM,INR 220.00
DTC 102 BLACK 160MM,INR 378.00
DTC 102 BLACK 224MM,INR 537.00
DTC 102 BLACK 288MM,INR 717.00
DTC 102 BLACK 96MM,INR 238.00
DTC 102 ST 160MM,INR 343.00
DTC 102 ST 224MM,INR 493.00
DTC 102 ST 96MM,INR 220.00
DTC 103 CP WHITE 160MM,INR 543.00
DTC 103 CP WHITE 224MM,INR 757.00
DTC 103 CP WHITE 96MM,INR 343.00
DTC 103 ST BLACK 160MM,INR 614.00
DTC 103 ST BLACK 224MM,INR 845.00
DTC 103 ST BLACK 96MM,INR 378.00
DTC 104 BK 160MM,INR 387.00
DTC 104 CP 160MM,INR 352.00
DTC 104 CP 96MM,INR 220.00
DTC 104 RG 96mm,INR 246.00
DTC 105 ST BLACK 160MM,INR 519.00
DTC 105 ST BLACK 224MM,INR 744.00
DTC 105 ST BLACK 288MM,INR 915.00
DTC 105 ST BLACK 96MM,INR 334.00
DTC 105 ST_QUBIK 160MM,INR 519.00
DTC 105 ST_QUBIK 224MM,INR 744.00
DTC 105 ST_QUBIK 96MM,INR 334.00
DTC 106 BA 160MM,INR 352.00
DTC 106 BA 224MM,INR 502.00
DTC 106 BA 96MM,INR 229.00
DTC 106 ST 160MM,INR 352.00
DTC 107 BLACK 160MM,INR 405.00
DTC 107 BLACK 224MM,INR 576.00
DTC 107 BLACK 96MM,INR 255.00
DTC 107 CP 160MM,INR 370.00
DTC 107 CP 224MM,INR 532.00
DTC 107 CP 288MM,INR 673.00
DTC 107 CP 96MM,INR 238.00
DTC 107 GOLD 160MM,INR 422.00
DTC 107 GOLD 96MM,INR 264.00
DTC 107 RG 160MM,INR 422.00
DTC 107 RG 224MM,INR 598.00
DTC 107 RG 288MM,INR 752.00
DTC 107 RG 96MM,INR 264.00
DTC 107 ST 288MM,INR 673.00
DTC 107 ST 96MM,INR 238.00
DTC 108 BLACK 160MM,INR 634.00
DTC 108 BLACK 224MM,INR 858.00
DTC 108 BLACK 96MM,INR 396.00
DTC 108 CP_SS 160MM,INR 563.00
DTC 108 CP_SS 288MM,INR 977.00
DTC 108 CP_SS 96MM,INR 361.00
DTC 108 ST_WENGI 160MM,INR 563.00
DTC 108 ST_WENGI 288MM,INR 977.00
DTC 108 ST_WENGI 96MM,INR 361.00
DTC 109 BLACK 160MM,INR 400.00
DTC 109 BLACK 96MM,INR 246.00
DTC 109 CP 288MM,INR 642.00
DTC 109 ST 160MM,INR 365.00
DTC 109 ST 224MM,INR 528.00
DTC 109 ST 96MM,INR 642.00
DTC 110 GOLD BLACK 224MM,INR 973.00
DTC 110 GOLD BLACK 288MM,INR 1235.00
DTC 110 GOLD BLACK 96MM,INR 418.00
DTC 110 GOLD BLACK160MM,INR 603.00
DTC 110 RG 160MM,INR 603.00
DTC 110 RG 224MM,INR 973.00
DTC 110 RG 288MM,INR 1235.00
DTC 110 RG 96MM,INR 418.00
DTK 602 St_Wengi -Regular,INR 0.00
Dytor 5036 - 160mm -Ant -Black,INR 215.00
Dytor 5036 - 160mm -Black,INR 215.00
Dytor 5036 - 160mm Black ST Gold,INR 215.00
Dytor 5036 - 160mm -Cola,INR 215.00
Dytor 5036 - 224mm -Ant -Black,INR 300.00
Dytor 5036 - 224mm -Black,INR 300.00
Dytor 5036 - 224mm Black ST Gold,INR 300.00
Dytor 5036 - 224mm -Cola,INR 300.00
Dytor 5036 - 96mm -Ant -Black,INR 135.00
Dytor 5036 - 96mm -Black,INR 135.00
Dytor 5036 - 96mm Black STGold,INR 135.00
Dytor 5036 - 96mm -Cola,INR 135.00
Dytor 6098 - 160mm -ST,INR 275.00
Dytor 6098 - 96mm -ST,INR 162.00
Fency T Patti SS B,INR 0.00
"FL 9452 4"" (Aluminium Salt Wall Channel)",INR 0.00
Folding Brackets Top Notch 18'',INR 0.00
Forever MS Wood Screw 25x8,INR 76.50
Forever MS Wood Screw 35x8,INR 45.90
Forever MS Wood Screw 45x8,INR 60.00
Forever MS Wood Screw 50x10,INR 85.00
Forever MS Wood Screw 50x8,INR 65.60
Forever MS Wood Screw 60x10,INR 99.40
Forever MS Wood Screw 60x8,INR 79.00
Forever MS Wood Screw 75x10,INR 132.00
Forever MS Wood Screw 75x8,INR 113.70
Forever MS Wood Screw 100x10,INR 197.60
Gas Spring - 10 Kg,INR 115.00
Gas Spring - 15 Kg,INR 115.00
Gas Spring - 20 Kg,INR 115.00
Gas Spring - 25 Kg,INR 115.00
Gas Spring - 30 Kg,INR 115.00
Gas Spring - 5 Kg,INR 115.00
H-20 S.S.-160 mm,INR 0.00
"Honesty DS Bracket 12""",INR 0.00
"Honesty DS Bracket 17""",INR 0.00
Indo Garv SS Hinges Welded 4x12,INR 53.00
Indo Garv SS Hinges Welded 4x14,INR 41.00
Indo Garv SS Hinges Welded 5x12,INR 73.00
Indo Garv SS Hinges Welded 5x14,INR 55.00
Indo Garv SS Premium Hinges 4x14,INR 41.00
Indo Garv SS Premium Hinges 5x14,INR 55.00
Jeet Flat Hinges SS 300x37x4mm,INR 0.00
Ken SS Premium Hinges 3x1/2x3/4,INR 20.00
Ken SS Premium Hinges 3x16,INR 22.00
Ken SS Premium Hinges 3x3/4x3/4,INR 21.00
Ken SS Premium Hinges 4x12,INR 53.00
Ken SS Premium Hinges 4x14,INR 41.00
Ken SS Premium Hinges 5x12,INR 73.00
Ken SS Premium Hinges 5x14,INR 55.00
Kiwi Magnet Square - Ivory,INR 0.00
Knob 10 Black Gold,INR 225.00
Knob 10 RG,INR 225.00
Knob 10 White Gold,INR 225.00
Knob 147 -China Black,INR 135.00
Knob 147 - Coca Cola,INR 135.00
Knob 147 - CP,INR 135.00
Knob 147 - ST,INR 135.00
Lexi SS Ball Bearing Hinges 4x3x3,INR 0.00
Lexory Drywall Screw Black 13x6,INR 370.00
Lexory Drywall Screw Black 16x6,INR 390.00
Lexory Drywall Screw Black 19x6,INR 0.00
Lexory Drywall Screw Black 25x6,INR 0.00
Lexory Drywall Screw Black 25x8,INR 700.00
Lexory Drywall Screw Black 32x6,INR 0.00
Lexory Drywall Screw Black 32x8,INR 460.00
Lexory Drywall Screw Black 38x6,INR 390.00
Lexory Drywall Screw Black 38x8,INR 570.00
Lexory Drywall Screw Black 50x6,INR 0.00
Lexory Drywall Screw Black 50x8,INR 368.00
Lexory Drywall Screw Nickle 13x6,INR 0.00
Lexory Drywall Screw Nickle 16x6,INR 425.00
Lexory Drywall Screw Nickle 19x6,INR 0.00
Lexory Drywall Screw Nickle 19x8,INR 616.00
Lexory Drywall Screw Nickle 25x6,INR 0.00
Lexory Drywall Screw Nickle 25x8,INR 0.00
Lexory Drywall Screw Nickle 32x6,INR 375.00
Lexory Drywall Screw Nickle 32x8,INR 0.00
Lexory Drywall Screw Nickle 38x6,INR 0.00
Lexory Drywall Screw Nickle 38x8,INR 640.00
Lexory Drywall Screw Nickle 50x6,INR 0.00
Lexory Drywall Screw Nickle 50x8,INR 410.00
lock 001,INR 0.00
lock 003,INR 0.00
M S 0 Auto Closing Hinges - Hydraulic,INR 65.00
M S 8 Auto Closing Hinges - Hydraulic,INR 65.00
Maan M 2 White Regular,INR 0.00
Maan M 6 Brown Virgin,INR 0.00
Maan M 6 Ivory Virgin,INR 0.00
Maan M 6 White Virgin,INR 0.00
Merito K 42,INR 0.00
Merito M 123,INR 0.00
Merito M 142,INR 0.00
Merito M 1422.5 x12 CP Support,INR 0.00
Merito M 202,INR 0.00
Merito M 3,INR 0.00
Merito M 300,INR 0.00
Mortise Handle Fitting,INR 0.00
Mozilla Key Cap Round Antique,INR 0.00
Mozilla Key Cap Square Antique,INR 0.00
Mozilla Key Cap Round Satin,INR 0.00
Mozilla Key Cap Square Z,INR 0.00
Mozilla Brass Baby Latch Regular,INR 275.00
Mozilla Brass Cylinder 60 MM 2CK Antique,INR 760.00
Mozilla Brass Cylinder 60 MM 2CK Black Satin,INR 760.00
Mozilla Brass Cylinder 60 MM 2CK Regular,INR 660.00
Mozilla Brass Cylinder 60 MM 2CK Coca-Cola,INR 760.00
Mozilla Brass Cylinder 60 MM 2CK Z,INR 760.00
Mozilla Brass Cylinder 70 MM Coin Black Satin,INR 725.00
Mozilla Brass Cylinder 70 MM Coin Regular,INR 625.00
Mozilla Brass Cylinder 70 MM Coin Z,INR 725.00
Mozilla Brass Cylinder 70MM 2CK Antique,INR 810.00
Mozilla Brass Cylinder 70MM 2CK Black Satin,INR 810.00
Mozilla Brass Cylinder 70MM 2CK Coca-Cola,INR 810.00
Mozilla Brass Cylinder 70MM 2CK Regular,INR 710.00
Mozilla Brass Cylinder 70MM 2CK Z,INR 810.00
Mozilla Brass Cylinder 70 MM Coin Coca-Cola,INR 725.00
Mozilla Brass Cylinder 80 MM 2CK Antique,INR 910.00
Mozilla Brass Cylinder 80 MM 2CK Regular,INR 810.00
Mozilla Brass Cylinder 90 MM 2CK Antique,INR 985.00
Mozilla Brass Cylinder 90MM 2CK Regular,INR 885.00
Mozilla Brass Half Cylinder 45 MM Antique,INR 585.00
Mozilla Brass Half Cylinder 45MM  Regular,INR 485.00
Mozilla Brass Half Cylinder 45 MM Z,INR 585.00
Mozilla Brass Lockbody 45x45 Antique,INR 585.00
Mozilla Brass Lockbody 45x45 Regular,INR 485.00
Mozilla Brass Lockbody 50x85 Antique,INR 735.00
Mozilla Brass Lockbody 50x85 Black Satin,INR 735.00
Mozilla Brass Lockbody 50x85 Coca-Cola,INR 735.00
Mozilla Brass Lockbody 50x85 Regular,INR 635.00
Mozilla Brass Lockbody 50x85 Z,INR 735.00
Mozilla Brass Lockbody 60x85 Regular,INR 750.00
Mozilla Brass Roller Lockbody 45x85 Regular,INR 800.00
Mozilla Plate Handle Set M-1001 A,INR 1260.00
Mozilla Plate Handle Set M-1001 B,INR 1445.00
Mozilla Plate Handle Set M-1001 C,INR 1350.00
Mozilla Plate Handle Set M-1001 F,INR 1410.00
Mozilla Plate Handle Set M-1004 B,INR 1440.00
Mozilla Plate Handle Set M-1004 C,INR 1440.00
Mozilla Plate Handle Set M-1005 C,INR 1500.00
Mozilla Plate Handle Set M-1018 C,INR 1400.00
Mozilla Plate Handle Set M-1023 C,INR 1780.00
Mozilla Plate Handle Set M-1024 C,INR 1600.00
Mozilla Plate Handle Set M-1025 A,INR 1290.00
Mozilla Rose Handle Set M-1001 B,INR 1445.00
Mozilla Rose Handle Set M-1001 F,INR 1500.00
Mozilla Rose Handle Set M-1002 C,INR 1600.00
Mozilla Rose Handle Set M-1002 D,INR 1650.00
Mozilla Rose Handle Set M-1002 E,INR 1675.00
Mozilla Rose Handle Set M-1003 A,INR 1470.00
Mozilla Rose Handle Set M-1003 C,INR 1575.00
Mozilla Rose Handle Set M-1003 D,INR 1615.00
Mozilla Rose Handle Set M-1003 E,INR 1650.00
Mozilla Rose Handle Set M-1004 A,INR 1435.00
Mozilla Rose Handle Set M-1004 B,INR 1545.00
Mozilla Rose Handle Set M-1004 C,INR 1545.00
Mozilla Rose Handle Set M-1004 E,INR 1620.00
Mozilla Rose Handle Set M-1004 Z,INR 1545.00
Mozilla Rose Handle Set M-1005 B,INR 1625.00
Mozilla Rose Handle Set M-1005 C,INR 1625.00
Mozilla Rose Handle Set M-1005 E,INR 1700.00
Mozilla Rose Handle Set M-1006 C,INR 1600.00
Mozilla Rose Handle Set M-1006 D,INR 1645.00
Mozilla Rose Handle Set M-1007 B,INR 1575.00
Mozilla Rose Handle Set M-1007 C,INR 1575.00
Mozilla Rose Handle Set M-1008 C,INR 1800.00
Mozilla Rose Handle Set M-1009 A,INR 1820.00
Mozilla Rose Handle Set M-1009 B,INR 1865.00
Mozilla Rose Handle Set M-1009 C,INR 1850.00
Mozilla Rose Handle Set M-1009 D,INR 1890.00
Mozilla Rose Handle Set M-1009 F,INR 1965.00
Mozilla Rose Handle Set M-1010 A,INR 1655.00
Mozilla Rose Handle Set M-1010 C,INR 1630.00
Mozilla Rose Handle Set M-1010 F,INR 1725.00
Mozilla Rose Handle Set M-1011 C,INR 1610.00
Mozilla Rose Handle Set M-1012 A,INR 1600.00
Mozilla Rose Handle Set M-1012 B,INR 1700.00
Mozilla Rose Handle Set M-1012 C,INR 1700.00
Mozilla Rose Handle Set M-1012 D,INR 1745.00
Mozilla Rose Handle Set M-1012 Z,INR 1700.00
Mozilla Rose Handle Set M-1013 B,INR 1675.00
Mozilla Rose Handle Set M-1013 C,INR 1665.00
Mozilla Rose Handle Set M-1013 Z,INR 1675.00
Mozilla Rose Handle Set M-1015 B,INR 1725.00
Mozilla Rose Handle Set M-1015 C,INR 1720.00
Mozilla Rose Handle Set M-1015 D,INR 1765.00
Mozilla Rose Handle Set M-1015 Z,INR 1725.00
Mozilla Rose Handle Set M-1016 B,INR 1560.00
Mozilla Rose Handle Set M-1016 C,INR 1560.00
Mozilla Rose Handle Set M-1016 D,INR 1600.00
Mozilla Rose Handle Set M-1016 E,INR 1640.00
Mozilla Rose Handle Set M-1016 Z,INR 1560.00
Mozilla Rose Handle Set M-1017 B,INR 1540.00
Mozilla Rose Handle Set M-1017 C,INR 1540.00
Mozilla Rose Handle Set M-1017 D,INR 1580.00
Mozilla Rose Handle Set M-1017 E,INR 1615.00
Mozilla Rose Handle Set M-1018 B,INR 1500.00
Mozilla Rose Handle Set M-1018 C,INR 1500.00
Mozilla Rose Handle Set M-1018 D,INR 1545.00
Mozilla Rose Handle Set M-1019 F,INR 1810.00
Mozilla Rose Handle Set M-1021 F,INR 1800.00
Mozilla Rose Handle Set M-1022 A,INR 1780.00
Mozilla Rose Handle Set M-1022 C,INR 1875.00
Mozilla Rose Handle Set M-1022 E,INR 1940.00
Mozilla Rose Handle Set M-1023 B,INR 1800.00
Mozilla Rose Handle Set M-1023 C,INR 1780.00
Mozilla Rose Handle Set M-1025 A,INR 1390.00
Mozilla Rose Handle Set M-1025 B,INR 1500.00
Mozilla Rose Handle Set M-1025 C,INR 1500.00
Mozilla Rose Handle Set M-1025 D,INR 1540.00
MS Keyboard Tray With Mouse,INR 0.00
"MS Window Corner 3"" CP",INR 0.00
"MS Window Corner 4"" CP",INR 0.00
MS Wood Screw 125x12,INR 393.40
MS Wood Screw 20x5,INR 46.80
MS Wood Screw 30x7,INR 37.20
MS Wood Screw 35x10,INR 66.50
MS Wood Screw 60x10,INR 99.40
Multi Lock,INR 0.00
"PF-12 S.S.-12""",INR 0.00
"PF-51 BLK -12""",INR 0.00
"PF-51 BLK -18""",INR 0.00
"PF-51 BLK -26""",INR 0.00
"PF-51 BLK -36""",INR 0.00
"PF-51 BLK -38""",INR 0.00
"PF-51 CP -16""",INR 0.00
"PF-51 CP -18""",INR 0.00
"PF-51 CP -30""",INR 0.00
"PF-51 CP -6""",INR 0.00
"PF-51 RG -16""",INR 0.00
"PF-51 RG -18""",INR 0.00
"PF-51 RG -20""",INR 0.00
"PF-51 RG -30""",INR 0.00
"PF-51 RG -38""",INR 0.00
"PF-51 RG -40""",INR 0.00
"PF-51 S.S.-12""",INR 0.00
"PF-51 S.S.-26""",INR 0.00
"PF-51 S.S.-30""",INR 0.00
"P9-B-Laher-BS-10""-BLK",INR 0.00
"P9-B-Laher-BS-10""-CP",INR 0.00
"P9-B-Laher-BS-10""-GOLD",INR 0.00
"P9-B-Laher-BS-10""-RG",INR 0.00
"P9-B-Laher-BS-10"" -SS",INR 0.00
"P9-B-Laher-BS-12"" -SS",INR 0.00
"P9-B-Laher-BS-12""-BLK",INR 0.00
"P9-B-Laher-BS-12""-CP",INR 0.00
"P9-B-Laher-BS-12""-RG",INR 0.00
"P9-B-Laher-BS-14""-GOLD",INR 0.00
"P9-B-Laher-BS-14"" -SS",INR 0.00
"P9-B-Laher-BS-14""-BLK",INR 0.00
"P9-B-Laher-BS-14""-CP",INR 0.00
"P9-B-Laher-BS-14""-RG",INR 0.00
"P9-B-Laher-BS-16""-GOLD",INR 0.00
"P9-B-Laher-BS-16"" -SS",INR 0.00
"P9-B-Laher-BS-16""-BLK",INR 0.00
"P9-B-Laher-BS-16""-CP",INR 0.00
"P9-B-Laher-BS-16""-RG",INR 0.00
"P9-B-Laher-BS-18""-GOLD",INR 0.00
"P9-B-Laher-BS-18"" -SS",INR 0.00
"P9-B-Laher-BS-18""-BLK",INR 0.00
"P9-B-Laher-BS-18""-CP",INR 0.00
"P9-B-Laher-BS-18""-RG",INR 0.00
"P9-B-Laher-BS-20""-GOLD",INR 0.00
"P9-B-Laher-BS-20"" -SS",INR 0.00
"P9-B-Laher-BS-20""-BLK",INR 0.00
"P9-B-Laher-BS-20""-CP",INR 0.00
"P9-B-Laher-BS-20""-RG",INR 0.00
"P9-B-Laher-BS-22"" -SS",INR 0.00
"P9-B-Laher-BS-22""-BLK",INR 0.00
"P9-B-Laher-BS-22""-CP",INR 0.00
"P9-B-Laher-BS-22""-RG",INR 0.00
"P9-B-Laher-BS-24"" -SS",INR 0.00
"P9-B-Laher-BS-24""-CP",INR 0.00
"P9-B-Laher-BS-26"" -SS",INR 0.00
"P9-B-Laher-BS-28"" -SS",INR 0.00
"P9-B-Laher-BS-28""-CP",INR 0.00
"P9-B-Laher-BS-30"" -SS",INR 0.00
"P9-B-Laher-BS-30""-CP",INR 0.00
"P9-B-Laher-BS-8 ""-BLK",INR 0.00
"P9-B-Laher-BS-8 ""-CP",INR 0.00
"P9-B-Laher-BS-8 ""-RG",INR 0.00
"P9-B-Laher-BS-8"" -SS",INR 0.00
"P5-B-Laher-GR-10""-BLK",INR 0.00
"P5-B-Laher-GR-10""-CP",INR 0.00
"P5-B-Laher-GR-10""-RG",INR 0.00
"P5-B-Laher-GR-10""-SS",INR 0.00
"P5-B-Laher-GR-12""-BLK",INR 0.00
"P5-B-Laher-GR-12""-CP",INR 0.00
"P5-B-Laher-GR-12""-RG",INR 0.00
"P5-B-Laher-GR-12""-SS",INR 0.00
"P5-B-Laher-GR-14""-GOLD",INR 0.00
"P5-B-Laher-GR-14""-BLK",INR 0.00
"P5-B-Laher-GR-14""-CP",INR 0.00
"P5-B-Laher-GR-14""-RG",INR 0.00
"P5-B-Laher-GR-14""-SS",INR 0.00
"P5-B-Laher-GR-16""-GOLD",INR 0.00
"P5-B-Laher-GR-16""-BLK",INR 0.00
"P5-B-Laher-GR-16""-CP",INR 0.00
"P5-B-Laher-GR-16""-RG",INR 0.00
"P5-B-Laher-GR-16""-SS",INR 0.00
"P5-B-Laher-GR-18""-GOLD",INR 0.00
"P5-B-Laher-GR-18""-BLK",INR 0.00
"P5-B-Laher-GR-18""-CP",INR 0.00
"P5-B-Laher-GR-18""-RG",INR 0.00
"P5-B-Laher-GR-18""-SS",INR 0.00
"P5-B-Laher-GR-20""-GOLD",INR 0.00
"P5-B-Laher-GR-20""-BLK",INR 0.00
"P5-B-Laher-GR-20""-CP",INR 0.00
"P5-B-Laher-GR-20""-RG",INR 0.00
"P5-B-Laher-GR-20""-SS",INR 0.00
"P5-B-Laher-GR-22""-BLK",INR 0.00
"P5-B-Laher-GR-22""-CP",INR 0.00
"P5-B-Laher-GR-22""-RG",INR 0.00
"P5-B-Laher-GR-22""-SS",INR 0.00
"P5-B-Laher-GR-24""-BLK",INR 0.00
"P5-B-Laher-GR-24""-CP",INR 0.00
"P5-B-Laher-GR-24""-RG",INR 0.00
"P5-B-Laher-GR-24""-SS",INR 0.00
"P5-B-Laher-GR-26""-BLK",INR 0.00
"P5-B-Laher-GR-26""-CP",INR 0.00
"P5-B-Laher-GR-26""-RG",INR 0.00
"P5-B-Laher-GR-26""-SS",INR 0.00
"P5-B-Laher-GR-28""-BLK",INR 0.00
"P5-B-Laher-GR-28""-RG",INR 0.00
"P5-B-Laher-GR-28""-SS",INR 0.00
"P5-B-Laher-GR-30""-BLK",INR 0.00
"P5-B-Laher-GR-30""-RG",INR 0.00
"P5-B-Laher-GR-30""-SS",INR 0.00
"P5-B-Laher-GR-32""-BLK",INR 0.00
"P5-B-Laher-GR-32""-RG",INR 0.00
"P5-B-Laher-GR-34""-SS",INR 0.00
"P5-B-Laher-GR-8""-CP",INR 0.00
"P5-B-Laher-GR-8""-RG",INR 0.00
"P5-B-Laher-GR-8""-SS",INR 0.00
"P10-Diamond-BS-10""-BLK",INR 0.00
"P10-Diamond-BS-12""-BLK",INR 0.00
"P10-Diamond-BS-14""-BLK",INR 0.00
"P10-Diamond-BS-16""-BLK",INR 0.00
"P10-Diamond-BS-16""-CP",INR 0.00
"P10-Diamond-BS-18""-BLK",INR 0.00
"P10-Diamond-BS-18""-CP",INR 0.00
"P10-Diamond-BS-20""-BLK",INR 0.00
"P10-Diamond-BS-20""-CP",INR 0.00
"P10-Diamond-BS-22""-BLK",INR 0.00
"P10-Diamond-BS-24""-BLK",INR 0.00
"P10-Diamond-BS-26""-BLK",INR 0.00
"P10-Diamond-BS-26""-CP",INR 0.00
"P10-Diamond-BS-8""-BLK",INR 0.00
"P10-Diamond-BS-8""-CP",INR 0.00
"P8-Diamond-GR-10""-CP",INR 0.00
"P8-Diamond-GR-10""-RG",INR 0.00
"P8-Diamond-GR-10""-Grey",INR 0.00
"P8-Diamond-GR-12""-BLK",INR 0.00
"P8-Diamond-GR-12""-CP",INR 0.00
"P8-Diamond-GR-12""-RG",INR 0.00
"P8-Diamond-GR-14""-BLK",INR 0.00
"P8-Diamond-GR-14""-CP",INR 0.00
"P8-Diamond-GR-14""-Gray",INR 0.00
"P8-Diamond-GR-14""-RG",INR 0.00
"P8-Diamond-GR-16""-BLK",INR 0.00
"P8-Diamond-GR-16""-CP",INR 0.00
"P8-Diamond-GR-16""-RG",INR 0.00
"P8-Diamond-GR-18""-BLK",INR 0.00
"P8-Diamond-GR-18""-CP",INR 0.00
"P8-Diamond-GR-18""-Grey",INR 0.00
"P8-Diamond-GR-18""-RG",INR 0.00
"P8-Diamond-GR-20""-BLK",INR 0.00
"P8-Diamond-GR-20""-CP",INR 0.00
"P8-Diamond-GR-20""-Gray",INR 0.00
"P8-Diamond-GR-20""-RG",INR 0.00
"P8-Diamond-GR-22""-BLK",INR 0.00
"P8-Diamond-GR-22""-CP",INR 0.00
"P8-Diamond-GR-22""-Gray",INR 0.00
"P8-Diamond-GR-22""-RG",INR 0.00
"P8-Diamond-GR-24""-BLK",INR 0.00
"P8-Diamond-GR-24""-Grey",INR 0.00
"P8-Diamond-GR-24""-RG",INR 0.00
"P8-Diamond-GR-26""-RG",INR 0.00
"P8-Diamond-GR-28""-BLK",INR 0.00
"P8-Diamond-GR-28""-Gray",INR 0.00
"P8-Diamond-GR-32""-BLK",INR 0.00
"P8-Diamond-GR-36""-RG",INR 0.00
"P8-Diamond-GR-8""-RG",INR 0.00
"P7-Laher-BS-10""-BLK",INR 0.00
"P7-Laher-BS-10""-CP",INR 0.00
"P7-Laher-BS-12""-BLK",INR 0.00
"P7-Laher-BS-12""-CP",INR 0.00
"P7-Laher-BS-12""-RG",INR 0.00
"P7-Laher-BS-14""-BLK",INR 0.00
"P7-Laher-BS-14""-CP",INR 0.00
"P7-Laher-BS-16""-BLK",INR 0.00
"P7-Laher-BS-16""-CP",INR 0.00
"P7-Laher-BS-16""-RG",INR 0.00
"P7-Laher-BS-18""-BLK",INR 0.00
"P7-Laher-BS-18""-CP",INR 0.00
"P7-Laher-BS-18""-RG",INR 0.00
"P7-Laher-BS-20""-BLK",INR 0.00
"P7-Laher-BS-20""-CP",INR 0.00
"P7-Laher-BS-22""-BLK",INR 0.00
"P7-Laher-BS-22""-CP",INR 0.00
"P7-Laher-BS-24""-BLK",INR 0.00
"P7-Laher-BS-24""-CP",INR 0.00
"P7-Laher-BS-26""-BLK",INR 0.00
"P7-Laher-BS-26""-CP",INR 0.00
"P7-Laher-BS-38""-CP",INR 0.00
"P7-Laher-BS-8""-BLK",INR 0.00
"P7-Laher-BS-8""-CP",INR 0.00
"P7-Laher-BS-8""-RG",INR 0.00
"P1-Laher-GR-10""-BLK",INR 0.00
"P1-Laher-GR-10""-CP",INR 0.00
"P1-Laher-GR-10""-CP Brush",INR 0.00
"P1-Laher-GR-10""-RG",INR 0.00
"P1-Laher-GR-12 ""-CP Brush",INR 0.00
"P1-Laher-GR-12""-BLK",INR 0.00
"P1-Laher-GR-12""-CP",INR 0.00
"P1-Laher-GR-12""-RG",INR 0.00
"P1-Laher-GR-12""-SS",INR 0.00
"P1-Laher-GR-14""-BLK",INR 0.00
"P1-Laher-GR-14""-CP",INR 0.00
"P1-Laher-GR-14""-RG",INR 0.00
"P1-Laher-GR-14""-SS",INR 0.00
"P1-Laher-GR-16""-BLK",INR 0.00
"P1-Laher-GR-16""-CP",INR 0.00
"P1-Laher-GR-16""-GOLD",INR 0.00
"P1-Laher-GR-16""-Gray",INR 0.00
"P1-Laher-GR-16""-RG",INR 0.00
"P1-Laher-GR-18""-CP Brush",INR 0.00
"P1-Laher-GR-18""-BLK",INR 0.00
"P1-Laher-GR-18""-CP",INR 0.00
"P1-Laher-GR-18""-GOLD",INR 0.00
"P1-Laher-GR-18""-Gray",INR 0.00
"P1-Laher-GR-18""-RG",INR 0.00
"P1-Laher-GR-18""-SS",INR 0.00
"P1-Laher-GR-20""-BLK",INR 0.00
"P1-Laher-GR-20""-CP",INR 0.00
"P1-Laher-GR-20""-GOLD",INR 0.00
"P1-Laher-GR-20""-RG",INR 0.00
"P1-Laher-GR-22""-BLK",INR 0.00
"P1-Laher-GR-22""-CP",INR 0.00
"P1-Laher-GR-22""-Gold",INR 0.00
"P1-Laher-GR-22""-RG",INR 0.00
"P1-Laher-GR-24""-CP Brush",INR 0.00
"P1-Laher-GR-24""-BLK",INR 0.00
"P1-Laher-GR-24""-CP",INR 0.00
"P1-Laher-GR-24""-RG",INR 0.00
"P1-Laher-GR-24""-SS",INR 0.00
"P1-Laher-GR-26""-BLK",INR 0.00
"P1-Laher-GR-26""-CP",INR 0.00
"P1-Laher-GR-26""-Gray",INR 0.00
"P1-Laher-GR-26""-RG",INR 0.00
"P1-Laher-GR-28 ""-CP Brush",INR 0.00
"P1-Laher-GR-28""-BLK",INR 0.00
"P1-Laher-GR-28""-CP",INR 0.00
"P1-Laher-GR-30""-CP Brush",INR 0.00
"P1-Laher-GR-30""-BLK",INR 0.00
"P1-Laher-GR-30""-CP",INR 0.00
"P1-Laher-GR-30""-Gray",INR 0.00
"P1-Laher-GR-32""-BLK",INR 0.00
"P1-Laher-GR-34""-BLK",INR 0.00
"P1-Laher-GR-36""-BLK",INR 0.00
"P1-Laher-GR-36""-CP",INR 0.00
"P1-Laher-GR-36""-RG",INR 0.00
"P1-Laher-GR-8""-BLK",INR 0.00
"P1-Laher-GR-8""-CP",INR 0.00
Poins C 05 224mm Black Stain,INR 630.00
Profile Lock,INR 0.00
Maan M 1 White Regular,INR 0.00
Maan M 3 White Regular,INR 0.00
Q Matt SS Tower Bolt 4'' Matt,INR 28.00
"Q Matt SS Tower Bolt 6"" Matt",INR 42.00
"Q Matt SS Tower Bolt 8"" Matt",INR 56.00
Rocket Btt 160mm,INR 297.00
Rocket Btt 224mm,INR 448.00
Rocket Btt 96mm,INR 202.00
S S 0 Regular Auto Closing Hinges,INR 60.00
S S 8 Regular Auto Closing Hinges,INR 60.00
Sample SS Hinges,INR 0.00
Samples Handles,INR 0.00
"Samples Handles102,103,105,107,108",INR 0.00
Samples HandlesDTC-101/102/103/104/105/106/107/108/109,INR 0.00
Samples HandlesDTC-101/102/103/104/105/106/107/108/109 ( 110- Free),INR 0.00
Samples HandlesDTC-101/102/103/104/105/106/107/108/109/110,INR 0.00
Samples HandlesDTC-101/102/103/105/106/107/108/109/110,INR 0.00
Samples HandlesDTC-101/102/103/107,INR 0.00
Samples HandlesDTC-101/102/103/107/108/110,INR 0.00
Samples HandlesDTC-101/102/103/107/110,INR 0.00
Samples HandlesDTC-101/102/104/106/107/109,INR 0.00
Samples HandlesDTC-101/102/104/107,INR 0.00
Samples HandlesDTC-101/102/104/107/108/( Free-110),INR 0.00
Samples HandlesDTC-101/102/107/(110 -free),INR 0.00
Samples HandlesDTC-101/103/104/106/109,INR 0.00
Samples HandlesDTC-102/103/107/108 (110- Free),INR 0.00
Samples HandlesDTC-102/107/108/109/Rocket / (110 (Free)),INR 0.00
Samples HandlesDTC-104 / 109,INR 0.00
Samples HandlesDTC-108 / 110,INR 0.00
Samples HandlesDTC-110,INR 0.00
Samples HandlesDTC-110 Free,INR 0.00
Sky Track Channel 6 Ft,INR 0.00
Sky Track Channel 7 Ft,INR 0.00
Sky Track Channel 8 Ft,INR 0.00
Sky Track Roller,INR 0.00
Sliding Lock,INR 0.00
SS Hinges Welded 3x1/2x3/4,INR 30.00
SS Hinges Welded 3x16,INR 35.00
5-Line SS Hinges Welded 4x1/2x3/4,INR 40.00
SS Hinges Welded 5x14,INR 72.00
SS Hinges Welded 6x12,INR 135.00
SS Hinges Welded 6x3x3.5,INR 250.00
SS Screw 13x6 CSK,INR 330.00
SS Screw 25x4 CSK,INR 446.00
SS Screw 50x10 CSK,INR 357.00
SS Stone 4'' with Hole,INR 0.00
"SS Tee Hinges 10""",INR 0.00
"Aarna SS ""L"" Hinges Welded 75x10x12",INR 39.00
"Aarna SS ""L"" Hinges Welded 75x10x19",INR 40.50
SS Welded L Hinges 75x12x6,INR 39.00
Vinges Drywall Screw Black 19x6 (1000 Pc),INR 282.00
Vinges Drywall Screw Black 25x6 (1000 Pc),INR 354.00
Vinges Drywall Screw Black 25x8 (1000 Pc),INR 490.00
Vinges Drywall Screw Black 32x6 (1000 Pc),INR 432.00
Vinges Drywall Screw Black 32x8 (1000 Pc),INR 622.00
Vinges Drywall Screw Black 38x6 (1000 Pc),INR 536.00
Vinges Drywall Screw Black 38x8 (500 Pc),INR 383.00
Vinges Drywall Screw Black 50x6 (500 Pc),INR 348.00
Vinges Drywall Screw Black 50x8 (500 Pc),INR 487.00
Vinges Drywall Screw Black 60x6 (300 Pc),INR 267.00
Vinges Drywall Screw Black 60x8 (300 Pc),INR 367.00
Vinges Drywall Screw Black 75x6 (300 Pc),INR 396.00
Vinges Drywall Screw Black 75x8 (250 Pc),INR 375.00
Vinges Chipboard Screw Nickle M5x100,INR 376.00
Vinges Drywall Screw Nickle 100x8 (200 Pc),INR 502.00
Vinges Drywall Screw Nickle 13x6 (1000 Pc),INR 290.00
Vinges Drywall Screw Nickle 16x6 (1000 Pc),INR 298.00
Vinges Drywall Screw Nickle 19x6 (1000 Pc),INR 316.00
Vinges Drywall Screw Nickle 19x8 (1000 Pc),INR 414.00
Vinges Drywall Screw Nickle 25x6 (1000 Pc),INR 398.00
Vinges Drywall Screw Nickle 25x8 (1000 Pc),INR 550.00
Vinges Drywall Screw Nickle 32x6 (1000 Pc),INR 480.00
Vinges Drywall Screw Nickle 32x8 (1000 Pc),INR 700.00
Vinges Drywall Screw Nickle 38x6 (1000 Pc),INR 598.00
Vinges Drywall Screw Nickle 38x8 (500 Pc),INR 428.00
Vinges Chipboard Screw Nickle M5x50,INR 658.00
Vinges Drywall Screw Nickle 50x6 (500 Pc),INR 388.00
Vinges Drywall Screw Nickle 50x8 (500 Pc),INR 543.00
Vinges Chipboard Screw Nickle M5x60,INR 487.00
Vinges Drywall Screw Nickle 60x6 (300 pc),INR 296.00
Vinges Drywall Screw Nickle 60x8 (300 Pc),INR 415.00
Vinges Chipboard Screw Nickle M5x75,INR 414.00
Vinges Drywall Screw Nickle 75x6 (300 Pc),INR 396.00
Vinges Drywall Screw Nickle 75x8 (250 Pc),INR 423.00
Vinges SDS Screws 13x6 CSK Phillips,INR 288.00
Vinges SDS Screws 19x6 CSK Phillips,INR 392.00
Vinges SDS Screws 25x8 CSK Phillips,INR 320.00
Vinges SDS Screws 32x8 CSK Phillips,INR 416.00
Vinges SDS Screws 38x8 CSK Phillips,INR 490.00
Vinges SDS Screws 50x8 CSK Phillips,INR 254.00
Vinges SDS Screws 60x8 CSK Phillips,INR 398.00
Vinges SS Screws 100x10 CSK-Phillips (100 Pc),INR 500.00
Vinges SS Screws 13x4 CSK-Phillips (1000 Pc),INR 302.00
Vinges SS Screws 13x6 CSK-Phillips (1000 Pc),INR 330.00
Vinges SS Screws 13x8 CSK-Phillips (1000 Pc),INR 495.00
Vinges SS Screws 16x6 CSK-Phillips (1000 Pc),INR 386.00
Vinges SS Screws 16x8 CSK-Phillips (1000 Pc),INR 564.00
Vinges SS Screws 19x10 CSK-Phillips,INR 500.00
Vinges SS Screws 19x4 CSK-Phillips (1000 Pc),INR 402.00
Vinges SS Screws 19x6 CSK (1000 Pc),INR 435.00
Vinges SS Screws 19x6 CSK-Phillips (1000 pc),INR 435.00
Vinges SS Screws 19x8 CSK-Phillips (1000 Pc),INR 633.00
Vinges SS Screws 25x4 CSK-Phillips (1000 Pc),INR 446.00
Vinges SS Screws 25x6 CSK (500 Pc),INR 535.00
Vinges SS Screws 25x6 CSK-Phillips (1000 Pc),INR 535.00
Vinges SS Screws 25x8 CSK-Phillips (500 Pc),INR 386.00
Vinges SS Screws 32x10 CSK-Phillips (250 Pc),INR 330.00
Vinges SS Screws 32x6 CSK-Phillips (500 Pc),INR 313.50
Vinges SS Screws 32x8 CSK (500 Pc),INR 470.00
Vinges SS Screws 32x8 CSK-Phillips (500 Pc),INR 470.00
Vinges SS Screws 35x8 CSK-Phillips (500 Pc),INR 510.00
Vinges SS Screws 38x6 CSK-Phillips (500 Pc),INR 406.00
Vinges SS Screws 38x8 CSK (500 Pc),INR 545.00
Vinges SS Screws 38x8 CSK-Phillips (500 Pc),INR 545.00
Vinges SS Screws 45x8 CSK-Phillips,INR 245.00
Vinges SS Screws 50x10 CSK-Phillips (200 Pc),INR 357.00
Vinges SS Screws 50x8 CSK-Phillips (200 Pc),INR 271.00
Vinges SS Screws 60x10 CSK-Phillips (200 Pc),INR 504.00
Vinges SS Screws 60x8 CSK-Phillips (200 Pc),INR 370.00
Vinges SS Screws 75x10 CSK-Phillips (200 Pc),INR 744.00
Vinges SS Screws 75x8 CSK-Phillips (200 Pc),INR 456.00
Zevit SS Hinges Welded 3x12,INR 52.00
Zevit SS Hinges Welded 5x12,INR 93.00
Zevit SS Hinges Welded 5x3X10,INR 150.00
Zevit SS Hinges Welded 6x3x10,INR 210.00
Vinges SS Screws 50x8 CSK (200 Pc),INR 271.00
Vinges SS Screws 60x8 CSK (200 Pc),INR 370.00
Vinges SS Screws 38x10 CSK-Phillips (250 Pc),INR 375.00
Vinges SS Screws 75x8 CSK (200 Pc),INR 456.00
Vinges SS Screws 75x10 CSK (200 Pc),INR 744.00
Freight/Packing,INR 0.00
"P9-B-Laher-BS-30""-BLK",INR 0.00
"P10-Diamond-BS-24""-RG",INR 0.00
"P7-Laher-BS-22""-RG",INR 0.00
Mozilla Rose Handle Set M-1024 D,INR 1740.00
Mozilla Rose Handle Set M-1022 F,INR 1925.00
Mozilla Plate Handle Set M-1024 B,INR 1620.00
Mozilla Rose Handle Set M-1024 B,INR 1740.00
"P8-Diamond-GR-8""-CP",INR 0.00
"P10-Diamond-BS-12""-CP",INR 0.00
"P10-Diamond-BS-18""-RG",INR 0.00
P9-B-Laher-BS-26-BLK,INR 0.00
P9-B-Laher-BS-28-BLK,INR 0.00
Mozilla Rose Handle Set M-1008 D,INR 1840.00
Mozilla Rose Handle Set M-1022 B,INR 1895.00
Mozilla Rose Handle Set M-1005 D,INR 1670.00
Mozilla Rose Handle Set M-1004 D,INR 1590.00
"P10-Diamond-BS-22""-RG",INR 0.00
"P10-Diamond-BS-8""-RG",INR 0.00
"P10-Diamond-BS-16""-RG",INR 0.00
"P10-Diamond-BS-20""-RG",INR 0.00
Vinges SS Screws 25x8 CSK (500 Pc),INR 386.00
"Aarna SS ""L"" Hinges Welded 75x19x6",INR 40.50
Vinges SS Screws 32x6 CSK (500 Pc),INR 313.50
Drywall Screws 16x8 Black,INR 527.00
Poins C 05 224mm Rose Gold,INR 630.00
Rocket Btt 288mm,INR 530.00
"P8-Diamond-GR-30""-RG",INR 0.00
"P8-Diamond-GR-28""-RG",INR 0.00
"P9-B-Laher-BS-26""-RG",INR 0.00
"P9-B-Laher-BS-28""-RG",INR 0.00
"P9-B-Laher-BS-24""-RG",INR 0.00
DTC 103 CP_WENGI 224MM,INR 757.00
DTC 103 CP_WENGI 288MM,INR 990.00
DTC 103 CP_WENGI 160MM,INR 543.00
DTC 103 CP_WENGI 96MM,INR 343.00
DTC 103 ST BLACK 288MM,INR 1096.00
DTC 104 BK 96MM,INR 238.00
DTC 104 CP 224MM,INR 488.00
DTC 104 CP 288MM,INR 642.00
DTC 104 ST 160MM,INR 352.00
DTC 104 ST 224MM,INR 488.00
DTC 104 ST 288MM,INR 642.00
DTC 104 ST 96MM,INR 220.00
DTC 105 ST_QUBIK 288MM,INR 915.00
DTC 107 BLACK 288MM,INR 726.00
DTC 107 GOLD 224MM,INR 598.00
DTC 107 GOLD 288MM,INR 752.00
DTC 107 ST 160MM,INR 370.00
DTC 107 ST 224MM,INR 532.00
DTC 108 BLACK 288MM,INR 1082.00
DTC 108 CP_SS 224MM,INR 770.00
DTC 108 ST_WENGI 224MM,INR 770.00
DTC 109 CP 160MM,INR 365.00
DTC 109 CP 96MM,INR 229.00
DTC 109 ST 288MM,INR 642.00
7036 Cola 288mm,INR 559.00
"P1-Laher-GR-8 ""-SS",INR 0.00
Mozilla Rose Handle Set M-1001 C,INR 1445.00
Mozilla Brass Cylinder 60 MM Coin Antique,INR 660.00
Mozilla Rose Handle Set M-1012 E,INR 1780.00
Mozilla Plate Handle Set M-1012 E,INR 1650.00
Vinges SDS Screws 16x6 CSK Phillips,INR 372.00
Vinges SDS Screws 19x8 CSK Phillips,INR 518.00
Vinges SDS Screws 75x8 CSK Phillips,INR 498.00
"P7-Laher-BS-20""-RG",INR 0.00
"P7-Laher-BS-14""-RG",INR 0.00
"P5-B-Laher-GR-26""-GOLD",INR 0.00
Oval Conceal Handles - 96 MM Cola,INR 0.00
Oval Conceal Handles - 96 MM Black Satine,INR 0.00
Oval Conceal Handles - 160 MM Cola,INR 0.00
Oval Conceal Handles - 160 MM Black Satine,INR 0.00
Oval Conceal Handles - 224 MM Cola,INR 0.00
Oval Conceal Handles - 288 MM Black Satine,INR 0.00
"Alu Tower Bolt Polo Marble - 12""SS Finish",INR 156.00
Vinges Drywall Screw Black 19x8 (1000 pc),INR 368.00
Lexory Drywall Screw Black 19x8,INR 556.00
"20' 6"" Tandom",INR 0.00
"20' 8"" Tandom",INR 0.00
4 Wheel Orange Revolving,INR 0.00
6 Wheel Japan Bering,INR 0.00
6 Wheel Orange Revolving,INR 0.00
Ball Castor 1.5 PT,INR 0.00
DTC 101 BA 320 MM,INR 730.00
DTC 101 CP 160 MM,INR 365.00
DTC 101 CP 256 MM,INR 550.00
DTC 101 CP 320 MM,INR 730.00
DTC 101 CP 96 MM,INR 229.00
DTC 101 ST 320 MM,INR 730.00
DTC 102 BA 288 MM,INR 664.00
DTC 102 ST 288 MM,INR 664.00
Folding Brackets Top Notch 15'',INR 0.00
Folding Brackets Top Notch 20'',INR 0.00
Mozilla Brass Cylinder 70 MM Coin Antique,INR 725.00
Mozilla Brass Lockbody 45x45 Black Satin,INR 585.00
Mozilla Rose Handle Set M-1002 B,INR 1600.00
Mozilla Rose Handle Set M-1005 Z,INR 1625.00
Mozilla Rose Handle Set M-1006 B,INR 1600.00
Mozilla Rose Handle Set M-1006 Z,INR 1600.00
Mozilla Rose Handle Set M-1007 D,INR 1615.00
Mozilla Rose Handle Set M-1007 E,INR 1650.00
Mozilla Rose Handle Set M-1008 A,INR 1740.00
Mozilla Rose Handle Set M-1010 D,INR 1650.00
Mozilla Rose Handle Set M-1011 B,INR 1610.00
Mozilla Rose Handle Set M-1011 Z,INR 1610.00
Mozilla Rose Handle Set M-1013 D,INR 1715.00
Mozilla Rose Handle Set M-1014 B,INR 1770.00
Mozilla Rose Handle Set M-1014 D,INR 1810.00
Mozilla Rose Handle Set M-1020 F,INR 1875.00
Mozilla Rose Handle Set M-1021 B,INR 1780.00
Mozilla Rose Handle Set M-1024 C,INR 1715.00
5-Line SS Hinges Ball Bearing 4X3X3,INR 124.00
Ken SS Hinges Welded 5x14 L,INR 55.00
SS Hinges Welded 3X3/8X5/8,INR 0.00
ABI SS Welded Hinges 4x14,INR 0.00
MS CPU Trolley,INR 0.00
"P9-B-Laher-BS-24""-BLK",INR 0.00
"P5-B-Laher-GR-34""-BLK",INR 0.00
"P5-B-Laher-GR-8""-BLK",INR 0.00
"P10-Diamond-BS-10""-CP",INR 0.00
"P10-Diamond-BS-10""-RG",INR 0.00
"P10-Diamond-BS-12""-RG",INR 0.00
"P10-Diamond-BS-14""-CP",INR 0.00
"P10-Diamond-BS-14""-RG",INR 0.00
"P10-Diamond-BS-22""-CP",INR 0.00
"P10-Diamond-BS-24""-CP",INR 0.00
"P8-Diamond-GR-10""-BLK",INR 0.00
"P8-Diamond-GR-24""-CP",INR 0.00
"P8-Diamond-GR-8""-BLK",INR 0.00
"P7-Laher-BS-10""-RG",INR 0.00
"P7-Laher-BS-24""-RG",INR 0.00
"P1-Laher-GR-28""-RG",INR 0.00
"P1-Laher-GR-8""-RG",INR 0.00
"Apex SS Tower Bolt 4"" T/T",INR 0.00
"Apex SS Tower Bolt 6"" Matt",INR 0.00
"Apex SS Tower Bolt 8"" Matt",INR 0.00
Samples Screw,INR 0.00
Drywall Screws 19x8 Black,INR 0.00
Forever MS Wood Screw 100x12,INR 0.00
SS Screw 100x12 CSK,INR 0.00
SS Screw 19x4 CSK,INR 0.00
SS Screw 19x8 CSK,INR 0.00
Vinges SS Screws 100x10 CSK (100 Pc),INR 0.00
Vinges SS Screws 16x6 CSK (1000 Pc),INR 0.00
Vinges SS Screws 19x4 CSK (1000 Pc),INR 0.00
Vinges SS Screws 38x10 CSK (250 Pc),INR 0.00
Vinges SS Screws 50x10 CSK (200 Pc),INR 0.00
Vinges SS Screws 60x10 CSK (200 Pc),INR 0.00
Curtain Brackets Accessories,INR 0.00
Mozilla Rose Handle Set M-1013 E,INR 1750.00
"P7-Laher-BS-36""-RG",INR 0.00
"P7-Laher-BS-34""-RG",INR 0.00
"P7-Laher-BS-26""-RG",INR 0.00
DTC 105 ST_WENGI 96MM,INR 334.00
DTC 105 ST_WENGI 160MM,INR 519.00
"P1-Laher-GR-30""-RG",INR 0.00
Flyo SS Hinges Premium 5x14,INR 0.00
Flyo SS Hinges Welded 4x14,INR 0.00
Flyo SS Hinges Welded 5x14,INR 0.00
Vinges SS Screws 13x4 CSK (1000 Pc),INR 302.00
Mozilla Rose Handle Set M-1015 E,INR 1800.00
Mozilla Rose Handle Set M-1007 A,INR 1470.00
"P7-Laher-BS-30""-CP",INR 0.00
Curtain Brackets,INR 0.00
Alu Handle 24''- Black,INR 0.00
Mozilla Plate Handle Set M-1017 D,INR 1480.00
Mozilla Rose Handle Set M-1019 A,INR 1665.00
Mozilla Rose Handle Set M-1024 F,INR 1775.00
Mozilla Plate Handle Set M-1023 F,INR 1710.00
Mozilla Plate Handle Set M-1024 A,INR 1625.00
Mozilla Rose Handle Set M-1015 A,INR 1615.00
Mozilla Rose Handle Set M-1014 C,INR 1760.00
Mozilla Rose Handle Set M-1016 A,INR 1450.00
Costa Italy SS 202 0 crank Hydraulic,INR 80.00
Costa Italy SS 202 8 crank Hydraulic,INR 80.00
Mozilla Brass Cylinder 60 MM Coin Black Satin,INR 660.00
Mozilla Brass Cylinder 60 MM Coin Regular,INR 560.00
"P7-Laher-BS-10""-Gold",INR 0.00
"P7-Laher-BS-14""-Gold",INR 0.00
"P7-Laher-BS-24""-Gold",INR 0.00
Vinges Drywall Screw Antique 19x6,INR 366.00
Vinges Drywall Screw Antique 25x6,INR 424.00
Vinges Drywall Screw Antique 38x8,INR 479.00
Knob 147-Black Matt,INR 135.00
"P7-Laher-BS-22""-Gold",INR 0.00
P7-Laher-BS-8-Gold,INR 0.00
"P8-Diamond-GR-14""-SS",INR 0.00
P8-Diamond-GR-26''-SS,INR 0.00
Mozilla Plate Handle Set M-1016 B,INR 1450.00
Mozilla Plate Handle Set M-1016 D,INR 1490.00
Chauhan SS Hinges Welded 4x14,INR 41.00
Chauhan SS Premium Hinges 4x14,INR 41.00
Vinges Chipboard Screw M4x35,INR 594.00
Vinges Chipboard Screw M4x30,INR 524.00
Vinges Chipboard Screw M4x50,INR 417.00
"P7-Laher-BS-12""-SS",INR 86.40
"P7-Laher-BS-14""-SS",INR 0.00
"P7-Laher-BS-18""-SS",INR 0.00
"P7-Laher-BS-20""-SS",INR 0.00
"P7-Laher-BS-22""-SS",INR 0.00
"P7-Laher-BS-26""-SS",INR 0.00
"P1-Laher-GR-26""-SS",INR 0.00
Mozilla Rose Handle Set M-1019 C,INR 1750.00
Window Corner,INR 0.00
"P5-B-Laher-GR-32""-SS",INR 0.00
"P5-B-Laher-GR-36""-SS",INR 0.00
Chauhan SS Hinges Welded 5x14,INR 55.00
Chauhan SS Premium Hinges 5x14,INR 55.00
Chauhan SS Hinges Welded 5x12,INR 73.00
Chauhan SS Premium Hinges 5x12,INR 73.00
Chauhan SS Premium Hinges 3x1/2x3/4,INR 20.00
"M.S Cuphook 1/2""",INR 72.00
"M.S Cuphook 3/4""",INR 94.00
M.S Cuphook 1x1/2,INR 178.00
"2"" Palmat Kan Heavy",INR 198.00
M.S Box Kan,INR 0.85
"PF-51 RG -22""",INR 0.00
"P51 RG-24""",INR 0.00
"P1-Laher-GR-28""-SS",INR 0.00
2008 Magnet Matt Black,INR 0.00
"A 554 4"" PVD Coca",INR 200.00
"A 554 8"" PVD Coca",INR 275.00
"A 554 10"" PVD Coca",INR 350.00
Mozilla Plate Handle Set M-1010 C,INR 1510.00
Mozilla Plate Handle Set M-1023 B,INR 1670.00
Mozilla Rose Handle Set M-1023 F,INR 1840.00
Mozilla Rose Handle Set M-1019 E,INR 1815.00
"P7-Laher-BS-34""-BLK",INR 0.00
"P7-Laher-BS-30""-BLK",INR 0.00
"P7-Laher-BS-28""-BLK",INR 0.00
SH2006 45mm Frame Black,INR 800.00
SH2006 45mm Frame Rose Gold,INR 800.00
SH2006 45mm Frame Grey,INR 800.00
SH2006 45mm Frame SS Brush,INR 800.00
SH2006 45mm Frame Silver,INR 800.00
SH2006 45mm Frame CP Mirror,INR 800.00
SH2006 45mm Frame Gold,INR 800.00
SH2007 65mm Handle Black,INR 975.00
SH2007 65mm Handle Rose Gold,INR 975.00
SH2007 65mm Handle Grey,INR 975.00
SH2007 65mm Handle SS Brush,INR 975.00
SH2007 65mm Handle Silver,INR 925.00
SH2007 65mm Handle CP Mirror,INR 975.00
SH2007 65mm Handle Gold,INR 975.00
SH2014 45mm Edgeless Frame Black,INR 800.00
SH2015 65mm Edgeless Handle Black,INR 965.00
Vinges SS Screws 16x4 CSK (1000 Pc),INR 352.00
Vinges SS Screws 16x4 CSK Philips (1000 Pc),INR 352.00
Vinges SS Screws 13x6 CSK (1000 Pc),INR 330.00
Vinges Chipboard Screw M4x40,INR 368.00
Vinges Chipboard Screw M3.5x20,INR 305.00
Sky Track Channel 10 Ft,INR 0.00
Profile Connector,INR 35.00
"P10-Diamond-BS-16""-GOLD",INR 0.00
"P10-Diamond-BS-18""-GOLD",INR 0.00
"P10-Diamond-BS-12""-GOLD",INR 0.00
"P10-Diamond-BS-20""-GOLD",INR 0.00
"P10-Diamond-BS-22""-GOLD",INR 0.00
Vinges SS Screws 32x8 CSK-Phillips(op) (200 Pc),INR 188.00
Vinges SS Screws 50x10 CSK-Phillips(op) (100 Pc),INR 357.00
Alu Handle 8''- Rose Gold,INR 150.00
Alu Handle 8''- Black,INR 150.00
MS Wood Screw 45x8,INR 60.00
SS T Patti 8ft 12mm RG,INR 500.00
SS T Patti 8ft 8mm Black,INR 450.00
SS T Patti 8ft 8mm Gold,INR 450.00
SS T Patti 8ft 12mm Gold,INR 500.00
SS T Patti 8ft 12mm Black,INR 500.00
SS T Patti 8ft 8mm RG,INR 450.00
"P1-Laher-GR-14""-Black/Gold",INR 0.00
"P1-Laher-GR-12""-Black/Gold",INR 0.00
"P1-Laher-GR-24""-Black/Gold",INR 0.00
"P1-Laher-GR-26""-Black/Gold",INR 0.00
"P8-Diamond-GR-30""-BLK",INR 0.00
SH2001-G Profile-BLK,INR 630.00
SH2001-G Profile-GREY,INR 630.00
SH2001-G Profile-Rose Gold,INR 630.00
SH2001-G Profile-S.S BRUSH,INR 630.00
SH2001-G Profile-CP MIRROR,INR 630.00
"P8-Diamond-GR-26""-BLK",INR 0.00
Mozilla Rose Handle Set M-1007 Z,INR 1575.00
Mozilla Rose Handle Set M-1018 Z,INR 1500.00
SH2010 U Track 12ft,INR 960.00
SH2010 U Track 8ft,INR 640.00
SH2025 T Patti 6mm 10ft Copper,INR 110.00
SH2025 T Patti 6mm 10ft Matt Black,INR 110.00
SH2025 T Patti 6mm 10ft Gold,INR 110.00
SH2001-G Profile-CP BRUSH,INR 630.00
"P1-Laher-GR-20""-SS",INR 0.00
"P1-Laher-GR-22""-SS",INR 0.00
"P7-Laher-BS-10""-SS",INR 0.00
"P7-Laher-BS-16""-SS",INR 0.00
"P7-Laher-BS-8""-SS",INR 0.00
"P5-B-Laher-GR-36""-BLK",INR 0.00
Vinges SDS Screw Truss Head 19x8,INR 340.00
"P10-Diamond-BS-30""-BLK",INR 0.00
"P10-Diamond-BS-28"" BLK",INR 0.00
"P9-B-Laher-BS-32""-RG",INR 0.00
Mozilla Rose Handle Set M-1009 E,INR 1930.00
Mozilla Brass Baby Latch Rose Gold,INR 355.00
Costa Italy Tublar Lock SS - Black Matt - Key,INR 600.00
SS T Patti 8ft 25mm Gold,INR 650.00
Butterfly Hook Gold,INR 0.00
Butterfly Hook RG,INR 0.00
Butterfly Hook ST,INR 0.00
Mortise  Handle Samples Rose,INR 0.00
Mortise Handle Samples Plate,INR 0.00
M-222-G-Plate,INR 0.00
M-111-S-Rose,INR 0.00
SS U-Patti 6mm 8ft RG,INR 0.00
SS U-Patti 6mm 8ft Gold,INR 0.00
SS U-Patti 12mm 8ft Gold,INR 0.00
SS U-Patti 12mm 8ft RG,INR 0.00
Chauhan SS Premium Hinges 3x3/4x3/4,INR 21.00
MS Wood Screw 100x10,INR 197.60
2008 Magnet Gold,INR 0.00
SS U-Patti 8mm 10ft Gold,INR 0.00
"P1-Laher-GR-32""-CP",INR 0.00
Vinges Frame Fixing Screw 100x10,INR 6.50
Vinges Frame Fixing Screw 120x10,INR 8.90
Costa Italy Tublar Lock SS - Rose Gold - Key,INR 600.00
Costa Italy Tublar Lock SS - Gold - Key,INR 600.00
Costa Italy Tublar Lock SS - Black Glossy - Key,INR 600.00
"P9-B-Laher-BS-26""-CP",INR 0.00
Pvc Grip 50x12,INR 0.00
Mozilla Rose Handle Set M-1024 A,INR 1625.00
Costa Italy Tublar Lock SS - Key (light),INR 275.00
Mozilla Brass Half Cylinder 45MM Black Satin,INR 585.00
Gripking Wall Plug 12x50,INR 59.00
Gripking Wall Plug 12x35,INR 46.00
"P5-B-Laher-GR-28""-CP",INR 0.00
"P1-Laher-GR-10""-SS",INR 0.00
"P1-Laher-GR-16""-SS",INR 0.00
"P1-Laher-GR-30""-SS",INR 0.00
"P1-Laher-GR-32""-SS",INR 0.00
"P1-Laher-GR-32""-RG",INR 0.00
"P1-Laher-GR-36""-SS",INR 0.00
"P7-Laher-BS-24""-SS",INR 0.00
"P7-Laher-BS-36""-SS",INR 0.00
Gripking Wall Plug 10x35,INR 0.00
"P7-Laher-BS-16""-GOLD",INR 0.00
"P7-Laher-BS-22""-GOLD",INR 0.00
"P7-Laher-BS-10""-GOLD",INR 0.00
Gripking Masking Tape 18mmx20mtr,INR 100.00
Gripking Masking Tape 18mmx20yard,INR 90.00
Vinges SDS Screws 25x6 CSK Phillips,INR 454.00
Vinges SDS Screws 32x6 CSK Phillips,INR 404.00
"P1-Laher-GR-14""-Gold",INR 0.00
"P1-Laher-GR-28""-Gold",INR 0.00
"Gripking Slim Tandem Drawer Box 20""x4",INR 0.00
Single Track 4 Wheel,INR 350.00
"PF-51 BLK -16""",INR 0.00
"PF-51 BLK -28""",INR 0.00
"P8-Diamond-GR-16""-SS",INR 0.00
"P8-Diamond-GR-18""-SS",INR 0.00
"P8-Diamond-GR-20""-SS",INR 0.00
"H17-Gold-24""",INR 700.00
Mozilla Brass Lockbody 60x85 Black Satine,INR 850.00
Mozilla Brass Roller Baby Latch Black Satine,INR 480.00
Gripking Masking Tape 24mmx20yard,INR 90.00
Gripking Masking Tape 24mmx20Mtr,INR 100.00
Alu Handle 12''- Black,INR 0.00
Profile Sample Kit,INR 0.00
Vinges Chipboard Screw M5x30,INR 420.00
Vinges Chipboard Screw M5x35,INR 520.00
Vinges SS Screws 25x10 CSK-Phillips(200)pcs,INR 0.00
Vinges SS Screws 30x7 CSK-Phillips,INR 175.00
Vinges SDS Screws 38x6 CSK Phillips,INR 450.00
DTC 106 CP 96MM,INR 229.00
DTC 106 CP 160MM,INR 352.00
Zevit SS Hinges Welded 3x3/8x5/8,INR 0.00
Zevit SS Hinges Welded 3x3/4x3/4,INR 0.00
Zevit SS Hinges Welded 4x3/4x3/4,INR 0.00
Gripking Wall Plug 10x50,INR 48.00
Mozilla Plate Handle Set M-1001 E,INR 0.00
Mozilla Rose Handle Set M-1001 E,INR 1500.00
Mozilla Rose Handle Set M-1002 F,INR 1625.00
SS JULA DUBBLE DIAMOND,INR 0.00
SS JULA 12 MM DUBBLE DIAMOND,INR 0.00
Mozilla Plate Handle Set M-1022 B,INR 1750.00
PARLIAMENT HINGES - 125 MM X 100 MM,INR 0.00
"Hira MS Cp Heavy Chest Handle 3""",INR 26.00
"Hira MS Cp Heavy Chest Handle 4""",INR 33.00
Mozilla Plate Handle Set M-1019 C,INR 1620.00
SH2006 45mm Frame CP Brush,INR 800.00
SH2007 65mm Handle CP Brush,INR 975.00
Mozilla Plate Handle Set M-1018 Z,INR 0.00
Mozilla Brass Lockbody 45x45 Z,INR 585.00
"P9-B-Laher-BS-36""-RG",INR 0.00
Mozilla Brass Baby Latch Antique,INR 355.00
"P7-Laher-BS-32""-CP",INR 0.00
Mozilla Plate Handle Set M-1025 C,INR 1400.00
MS Wood Screw 75x10,INR 132.00
Vinges SDS Screws 13x7 CSK Phillips,INR 288.00
Vinges SDS Screws 16x7 CSK Phillips,INR 372.00
Vinges SDS Screws 19x7 CSK Phillips,INR 392.00
Vinges SDS Screws 25x7 CSK Phillips,INR 454.00
Vinges SDS Screws 32x7 CSK Phillips,INR 404.00
Vinges SDS Screws 38x7 CSK Phillips,INR 450.00
7021 Black Cola 160mm,INR 0.00
SH2006 45mm Frame Silk Grey,INR 900.00
SH2007 65mm Handle Silk Grey,INR 1100.00
"P9-B-Laher-BS-30""-RG",INR 0.00
Vinges SDS Screw Truss Head 13x8,INR 540.00
Vinges SDS Screw Truss Head 25x8,INR 406.00
SH2001-G Profile-Silver,INR 620.00
SS T Patti 8ft 19mm Gold,INR 0.00
Mozilla Key Cap Round Black Satin,INR 0.00
Mozilla Key Cap Square Black Satin,INR 0.00
Mozilla Key Cap Round Z,INR 0.00
Mozilla Key Cap Round Coca Cola,INR 0.00
Mozilla Key Cap Square Satin,INR 0.00
Mozilla Key Cap Square Coca Cola,INR 0.00
Mozilla Key Cap Square CP,INR 0.00
"P10-Diamond-BS-28"" CP",INR 0.00
Mozilla Mortise Screw Set,INR 30.00
Mozilla Brass Cylinder 60 MM Coin Z,INR 660.00
SS T Patti 8ft 8mm Cp,INR 450.00
Mozilla Plate Handle Set M-1022 C,INR 0.00
7072 160mm Black Satin,INR 480.00
Knob 147-Black Satin,INR 135.00
Mozilla Brass Cylinder 90MM 2CK Z,INR 985.00
Vinges Chipboard Screw M3.5x13,INR 260.00
Vinges Chipboard Screw M3.5x16,INR 285.00
Vinges Chipboard Screw M4x20,INR 408.00
Vinges Chipboard Screw M4x25,INR 464.00
"P7-Laher-BS-30""-SS",INR 330.00
Mozilla Rose Handle Set M-1024 E,INR 1775.00
Mozilla Rose Handle Set M-1010 B,INR 1630.00
SH2006 45mm Frame Silk Black,INR 900.00
SH2006 45mm Frame Silk Copper,INR 900.00
SH2007 65mm Handle Silk Black,INR 1100.00
SH2007 65mm Handle Silk Copper,INR 1100.00
SH2001-G Profile-Silk Copper,INR 0.00
SH2001-G Profile-Silk Black,INR 0.00
SH2001-G Profile-Silk Grey,INR 0.00
DTS 405 Black Matt 96MM,INR 200.00
DTS 405 Black Matt 160MM,INR 300.00
DTS 405 Black Matt 224MM,INR 400.00
DTS 405 Black Matt 320MM,INR 650.00
DTS 405 Gold 96MM,INR 200.00
DTS 405 Rose Gold 96MM,INR 200.00
DTS 405 Gold 160MM,INR 300.00
DTS 405 Rose Gold 160MM,INR 300.00
DTS 405 Gold 224MM,INR 400.00
DTS 405 Rose Gold 224MM,INR 400.00
DTS 405 Gold 320MM,INR 650.00
DTS 405 Rose Gold 320MM,INR 650.00
DTS 405 Satin 160MM,INR 300.00
DTS 405 Satin 96MM,INR 200.00
DTS 405 Satin 224MM,INR 400.00
DTS 405 Satin 320MM,INR 650.00
SH2025 T Patti 8mm 10ft Gold,INR 0.00
SH2025 T Patti 8mm 10ft Black,INR 0.00
SH2025 T Patti 8mm 10ft Copper,INR 0.00
"P9-B-Laher-BS-22""-GOLD",INR 0.00
"P9-B-Laher-BS-24""-GOLD",INR 0.00
Merito Rose Handle Set-M-111-C,INR 1890.00
Merito Plate Handle Set-M-111-C,INR 2250.00
Merito Plate Handle Set-M-111-S,INR 2210.00
Merito Plate Handle Set-M-111-G,INR 2370.00
Merito Rose Handle Set-M-111-G,INR 1970.00
Merito Rose Handle Set-M-111-Z,INR 1820.00
Merito Plate Handle Set-M-111-Z,INR 2140.00
Merito Plate Handle Set-M-222-C,INR 2440.00
Merito Rose Handle Set-M-222-C,INR 2080.00
Merito Plate Handle Set-M-222-S,INR 2400.00
Merito Rose Handle Set-M-222-S,INR 2050.00
Merito Rose Handle Set-M-222-G,INR 2160.00
Merito Plate Handle Set-M-222-G,INR 2550.00
Merito Plate Handle Set-M-222-Z,INR 2320.00
Merito Rose Handle Set-M-222-Z,INR 2010.00
Merito Rose Handle Set-M-333-C,INR 2080.00
Merito Plate Handle Set-M-333-C,INR 2440.00
Merito Plate Handle Set-M-333-S,INR 2400.00
Merito Rose Handle Set-M-333-S,INR 2050.00
Merito Rose Handle Set-M-333-G,INR 2160.00
Merito Plate Handle Set-M-333-G,INR 2550.00
Merito Rose Handle Set-M-333-Z,INR 2010.00
Merito Plate Handle Set-M-333-Z,INR 2320.00
DTC 104 RG 224mm,INR 554.00
Mozilla Rose Handle Set M-1013 A,INR 1565.00
Mozilla Plate Handle Set M-1016 Z,INR 1560.00
Merito Plate Handle Set-M-444-S,INR 2400.00
Merito Plate Handle Set-M-444-C,INR 2440.00
Merito Rose Handle Set-M-444-C,INR 2080.00
Merito Rose Handle Set-M-444-S,INR 2050.00
Mozilla Rose Handle Set M-1026 A,INR 1575.00
Mozilla Rose Handle Set M-1026 B,INR 1625.00
Mozilla Rose Handle Set M-1026 C,INR 1610.00
Mozilla Rose Handle Set M-1026 D,INR 1610.00
Mozilla Rose Handle Set M-1026 F,INR 1700.00
Mozilla Rose Handle Set M-1026 Z,INR 1530.00
Mozilla Rose Handle Set M-1027 Z,INR 1425.00
Mozilla Rose Handle Set M-1027 F,INR 1570.00
Mozilla Rose Handle Set M-1027 D,INR 1500.00
Mozilla Rose Handle Set M-1027 C,INR 1495.00
Mozilla Rose Handle Set M-1027 B,INR 1485.00
Mozilla Rose Handle Set M-1027 A,INR 1460.00
"Q Matt SS ""L"" Marble Tower Bolt 4'' Matt",INR 36.00
"Q Matt SS ""L"" Marble Tower Bolt 6'' Matt",INR 54.00
DTC 106 Black 96MM,INR 246.00
"P10-Diamond-BS-10""-Grey",INR 0.00
"P10-Diamond-BS-20""-Grey",INR 0.00
"P10-Diamond-BS-26""-Grey",INR 0.00
Mozilla Rose Handle Set M-1008 B,INR 1815.00
SH2025 T Patti 12mm 10ft Gold,INR 0.00
SH2025 T Patti 12mm 10ft Copper,INR 0.00
SH2025 T Patti 12mm 10ft Black,INR 0.00
Knob DTN-501 Gold,INR 179.00
Knob DTN-501 Rose Gold,INR 179.00
Knob DTN-502 Gold Black,INR 314.00
Knob DTN-502 Rose Gold,INR 314.00
Knob DTN-502 Gold,INR 314.00
Knob DTN-502 Black,INR 314.00
Knob DTN-503 Gold Black,INR 324.00
Knob DTN-503 Black,INR 324.00
Knob DTN-504 Black,INR 195.00
Knob DTN-505 Rose Gold,INR 390.00
Knob DTN-505 Black,INR 390.00
Knob DTN-505 Black Gold,INR 390.00
Knob DTN-505 Gold,INR 390.00
Knob DTN-503 Rose Gold,INR 324.00
Mozilla Brass Cylinder 80 MM 2CK Z,INR 910.00
SS T Patti 8ft 19mm Rose Gold,INR 0.00
"P9-B-Laher-BS-10""-Grey",INR 0.00
"P9-B-Laher-BS-26""-Grey",INR 0.00
"P9-B-Laher-BS-20""-Grey",INR 0.00
DTC 101 RG 320 MM,INR 823.00
SS Main Door Handle BE 2006 Blue 300mm,INR 2050.00
SS Main Door Handle BE 2006 Blue 600mm,INR 3650.00
Q Matt SS Tower Bolt 4'' Matt 304,INR 0.00
SS Main Door Handle Gold 2007  600mm,INR 3600.00
"Gliza-ARRB 101-Towel Rack 24"" Rose Black",INR 8200.00
"Gliza-ARGB 101-Towel Rack 24"" Gold Black",INR 8200.00
"Gliza-ARRB 102-Towel Rod 24"" Rose Black",INR 3086.00
"Gliza-ARGB 102-Towel Rod 24"" Gold Black",INR 3086.00
Gliza-ARGB 103-Soap Dish Gold Black,INR 1523.00
Gliza-ARRB 103-Soap Dish Rose Black,INR 1523.00
Gliza-ARRB 104-Tumbler Holder Rose Black,INR 1670.00
Gliza-ARGB 104-Tumbler Holder Gold Black,INR 1670.00
Gliza-ARGB 105-Napkin Ring Gold Black,INR 1538.00
Gliza-ARRB 105-Napkin Ring Rose Black,INR 1538.00
Gliza-ARRB 106-Robe Hook Rose Black,INR 1058.00
Gliza-ARGB 106-Robe Hook Gold Black,INR 1058.00
Gliza-ARB 107-Liquid Soap Dispenser Black,INR 1835.00
Gliza-ARRB 107-Liquid Soap Dispenser Rose Black,INR 1835.00
"Gliza-AR 101-Towel Rack 24"" CP",INR 3858.00
"Gliza-AR 102-Towel Rod 24"" CP",INR 1686.00
Gliza-AR 103-Soap Dish CP,INR 800.00
Gliza-AR 104-Tumbler Holder CP,INR 972.00
Gliza-AR 105-Napkin Ring CP,INR 900.00
Gliza-AR 106-Robe Hook CP,INR 657.00
Gliza-AR 107-Liquid Soap Dispenser CP,INR 1115.00
"Gliza-VLRB 201-Towel Rack 24"" Rose Black",INR 7440.00
"Gliza-VLRB 202-Towel Rod 24"" Rose Black",INR 2321.00
Gliza-VLRB 203-Soap Dish Rose Black,INR 1300.00
Gliza-VLGB 204-Tumbler Holder Gold Balck,INR 1443.00
Gliza-VLRB 205-Napkin Ring Rose Black,INR 1715.00
Gliza-VLRB 206-Robe Hook Rose Black,INR 960.00
Gliza-VLRB 207-Liquid Soap Dispenser Rose Black,INR 1568.00
"Gliza-VLGB 201-Towel Rack 24"" Gold Black",INR 7440.00
"Gliza-VLGB 202-Towel Rod 24"" Gold Black",INR 2321.00
Gliza-VLGB 203-Soap Dish Gold Black,INR 1300.00
Gliza-VLGB 205-Napkin Ring Gold Black,INR 1715.00
Gliza-VLGB 206-Robe Hook Gold Black,INR 960.00
Gliza-VLGB 207-Liquid Soap Dispenser Gold Black,INR 1568.00
Gliza-VLRB 204-Tumbler Holder Rose Black,INR 1443.00
"Gliza-VLB 201-Towel Rack 24"" Black",INR 7440.00
"Gliza-VLB 202-Towel Rod 24"" Black",INR 2321.00
Gliza-VLB 203-Soap Dish Black,INR 1300.00
Gliza-VLB 204-Tumbler Holder Black,INR 1443.00
Gliza-VLB 205-Napkin Ring Black,INR 1715.00
Gliza-VLB 206-Robe Hook Black,INR 960.00
Gliza-VLB 207-Liquid Soap Dispenser Black,INR 1568.00
"Gliza-VL 201-Towel Rack 24"" CP",INR 3343.00
"Gliza-VL 202-Towel Rod 24"" CP",INR 1186.00
Gliza-VL 203-Soap Dish CP,INR 629.00
Gliza-VL 204-Tumbler Holder CP,INR 772.00
Gliza-VL 205-Napkin Ring CP,INR 886.00
Gliza-VL 206-Robe Hook CP,INR 498.00
Gliza-VL 207-Liquid Soap Dispenser CP,INR 915.00
"Gliza-PR 401-Towel Rack 24"" CP",INR 3144.00
"Gliza-PR 402-Towel Rod 24"" CP",INR 1286.00
Gliza-PR 403-Soap Dish CP,INR 801.00
Gliza-PR 404-Tumbler Holder CP,INR 1000.00
Gliza-PR 405-Napkin Ring CP,INR 920.00
Gliza-PR 406-Robe Hook CP,INR 572.00
Gliza-PR 407-Liquid Soap Dispenser CP,INR 1200.00
"Gliza-MT 701-Towel Rack With Hook 24"" CP",INR 2544.00
"Gliza-MT 702-Towel Rod 24"" CP",INR 1215.00
Gliza-MT 703-Soap Dish CP,INR 658.00
Gliza-MT 704-Tumbler Holder CP,INR 829.00
Gliza-MT 705-Napkin Ring CP,INR 800.00
Gliza-MT 706-Robe Hook CP,INR 500.00
Gliza-MT 707-Liquid Soap Dispenser CP,INR 972.00
SS Main Door Handle  601 Black 300mm,INR 2050.00
SS Main Door Handle  BE 2001 Black Gold 300mm,INR 2000.00
SS Main Door Handle  BE 2004 CP 300mm,INR 2030.00
SS Main Door Handle BE 2006 Grey 300mm,INR 2050.00
SS Main Door Handle BE 2007 Black Gold 300mm,INR 2000.00
Gliza-EN 605-Napkin Ring CP,INR 858.00
Gliza-EN 610-Liquid Soap Dispenser with Tumbler Holder CP,INR 1543.00
Gliza-EN 608-Double Soap Dish CP,INR 1143.00
Gliza-EN 607-Liquid Soap Dispenser CP,INR 915.00
"Gliza-RH 3001-Movable Rack-24""",INR 3030.00
"Gliza-RH 3001-Movable Rack-18""",INR 2858.00
"Gliza-CS 2904 Round Corner-9""x9""",INR 1143.00
"Gliza-CS 2904-Round Corner-12""x12""",INR 1486.00
"Gliza-CS 2907-Shelf(Square Piller)-5""x18""",INR 1372.00
Gliza-RH 3103-Robe Hook-Rose Gold-4 Hook,INR 504.00
Gliza-RH 3106-Robe Hook-CP-6 Hook,INR 756.00
Gliza-RH 3106-Robe Hook-CP-4 Hook,INR 504.00
Gliza-RH 3106-Robe Hook-CP-8 Hook,INR 1008.00
Gliza-RH 3103-Robe Hook-Rose Gold-6 Hook,INR 756.00
Gliza-RH 3103-Robe Hook-Rose Gold-8 Hook,INR 1008.00
Gliza-RH 3104-Robe Hook-Antique-8 Hook,INR 1008.00
Gliza-RH 3104-Robe Hook-Antique-6 Hook,INR 756.00
Gliza-RH 3104-Robe Hook-Antique-4 Hook,INR 504.00
Gliza-RH 3105-Robe Hook-Black-4 Hook,INR 504.00
Gliza-RH 3105-Robe Hook-Black-6 Hook,INR 756.00
Gliza-RH 3105-Robe Hook-Black-8 Hook,INR 1008.00
SS Cabinet 14x20,INR 3000.00
Gliza-PR 409-Liquid Soap Dispenser with Tumbler Holder CP,INR 1375.00
Knob DTN-501 Black Matt,INR 179.00
Knob DTN-503 Gold,INR 324.00
Knob DTN-501 CP,INR 179.00
Knob DTN-501 Black Satine,INR 179.00
Knob DTN-504 Gold,INR 195.00
Knob DTN-504 Rose Gold,INR 195.00
"P1-Laher-GR-16""-Black/Gold",INR 0.00
"P1-Laher-GR-22""-Black/Gold",INR 0.00
SS Folding Rack 202,INR 0.00
SS T Patti 8ft 25mm Rose Gold,INR 700.00
DTC 115 Black Matt 96MM,INR 245.00
"Gliza-PR 401-Towel Rack 18"" CP",INR 2944.00
Gliza-PR 411-Paper Holder With Lid CP,INR 949.00
Gliza-CS 2901-3 Layer Shelf CP,INR 3000.00
Gliza-CV 2603-Soap Dish CP,INR 743.00
"Gliza-CS 2907-Shelf(Square Piller)-5""x15""",INR 1200.00
Gliza-AR 108-Double Soap Dish CP,INR 1286.00
Gliza-VLB 208-Double Soap Dish Black,INR 2458.00
Gliza-AR 110-Liquid Soap Dispenser with Tumbler Holder CP,INR 1800.00
Gliza-ARGB 111-Paper Holder With Lid Gold Black,INR 2875.00
DTC 117 GOLD 160MM,INR 436.00
DTC 117 GOLD 96MM,INR 234.00
DTC 117 Rose Gold 96MM,INR 234.00
Gliza-ARB 104-Tumbler Holder Matt Black,INR 1670.00
Gliza-ARRB 111-Paper Holder With Lid Rose Black,INR 2875.00
Gliza-ARB 103-Soap Dish Black,INR 1523.00
Gliza-ARRB 108-Double Soap Dish Rose Black,INR 2923.00
Gliza-ARRB 109-Soap Dish With Tumbler Holder Rose Black,INR 3072.00
Gliza-ARRB 110-Liquid Soap Dispenser with Tumbler Holder Rose Black,INR 3380.00
Gliza-ARGB 108-Double Soap Dish Gold Black,INR 2923.00
Gliza-ARGB 109-Soap Dish With Tumbler Holder Gold Black,INR 3072.00
Gliza-ARGB 110-Liquid Soap Dispenser with Tumbler Holder Gold Black,INR 3380.00
"Gliza-ARB 101-Towel Rack 24"" Black",INR 8200.00
"Gliza-ARB 102-Towel Rod 24"" Black",INR 3086.00
Gliza-ARB 105-Napkin Ring Black,INR 1538.00
Gliza-ARB 106-Robe Hook Black,INR 1058.00
Gliza-ARB 108-Double Soap Dish Black,INR 2923.00
Gliza-ARB 109-Soap Dish With Tumbler Holder Black,INR 3072.00
Gliza-ARB 110-Liquid Soap Dispenser with Tumbler Holder Black,INR 3380.00
Gliza-ARB 111-Paper Holder With Lid Black,INR 2875.00
Gliza-AR 109-Soap Dish With Tumbler Holder CP,INR 1486.00
Gliza-AR 111-Paper Holder With Lid CP,INR 1229.00
Gliza-PR 408-Double Soap Dish CP,INR 1258.00
Gliza-PR 410-Tumbler Holder With Liquid CP,INR 2000.00
Gliza-PR 412-Glass Soap Dish CP,INR 1000.00
Gliza-PR 413-Glass Double Soap Dish CP,INR 1772.00
Gliza-PR 414-Glass Soap Dish With Tumbler Holder CP,INR 1772.00
Gliza-VLRB 208-Double Soap Dish Rose Black,INR 2458.00
Gliza-VLRB 209-Soap Dish With Tumbler Holder Rose Black,INR 2615.00
Gliza-VLRB 210-Liquid Soap Dispenser with Tumbler Holder Rose Black,INR 2886.00
Gliza-VLGB 208-Double Soap Dish Gold Black,INR 2458.00
Gliza-VLGB 209-Soap Dish With Tumbler Holder Gold Black,INR 2615.00
Gliza-VLGB 210-Liquid Soap Dispenser with Tumbler Holder Gold Black,INR 2886.00
Gliza-VLB 209-Soap Dish With Tumbler Holder Black,INR 2615.00
Gliza-VLB 210-Liquid Soap Dispenser with Tumbler Holder Black,INR 2886.00
Gliza-VL 208-Double Soap Dish CP,INR 1029.00
Gliza-VL 209-Soap Dish With Tumbler Holder CP,INR 1186.00
Gliza-VL 210-Liquid Soap Dispenser with Tumbler Holder CP,INR 1458.00
Dytor 6098 - 96mm -Gold,INR 162.00
Gliza-ARGB 107-Liquid Soap Dispenser Gold Black,INR 1835.00
"Gliza-PR 402-Towel Rod 18"" CP",INR 1244.00
Gliza-MT 708-Double Soap Dish CP,INR 1172.00
Gliza-MT 709-Liquid Soap Dispenser with Tumbler Holder CP,INR 1315.00
Gliza-MT 710-Tumbler Holder With Liquid CP,INR 1572.00
"Gliza-MT 701-Towel Rack With Hook 18"" CP",INR 2415.00
"Gliza-MT 702-Towel Rod 18"" CP",INR 1186.00
"Gliza-ARG 101-Towel Rack 24"" Gold",INR 8200.00
"Gliza-ARG 102-Towel Rod 24"" Gold",INR 3086.00
Gliza-ARG 103-Soap Dish Gold,INR 1523.00
Gliza-ARG 104-Tumbler Holder Gold,INR 1670.00
Gliza-ARG 105-Napkin Ring Gold,INR 1538.00
Gliza-ARG 106-Robe Hook Gold,INR 1058.00
Gliza-ARG 107-Liquid Soap Dispenser Gold,INR 1835.00
Gliza-ARG 108-Double Soap Dish Gold,INR 2923.00
Gliza-ARG 109-Soap Dish With Tumbler Holder Gold,INR 3072.00
Gliza-ARG 110-Liquid Soap Dispenser with Tumbler Holder Gold,INR 3380.00
Gliza-ARG 111-Paper Holder With Lid Gold,INR 2875.00
"P5-B-Laher-GR-36""-Grey",INR 0.00
"Gliza-CS 2905-Shelf(Round Piller) 5""x12""",INR 1000.00
"Gliza-CS 2905-Shelf(Round Piller) 5""x15""",INR 1172.00
"Gliza-CS 2905-Shelf(Round Piller) 5""x18""",INR 1334.00
"Gliza-CS 2907-Shelf(Square Piller)-5""x12""",INR 1029.00
Vinges Drywall Screw Antique 32x8,INR 392.00
5-Line SS Hinges Welded 5x12 Gold,INR 73.00
"P1-Laher-GR-12""-Gold",INR 0.00
"P7-Laher-BS-22""-Black/Gold",INR 0.00
"P7-Laher-BS-20""-Black/Gold",INR 0.00
"P7-Laher-BS-26""-Black/Gold",INR 0.00
"P7-Laher-BS-16""-Black/Gold",INR 0.00
"P1-Laher-GR-20""-Black/Gold",INR 0.00
"P1-Laher-GR-10""-Black/Gold",INR 0.00
Knob 19 Black Wood,INR 150.00
"P8-Diamond-GR-34""-Grey",INR 0.00
"P8-Diamond-GR-32""-Grey",INR 0.00
J Profile Black,INR 0.00
SS Main Door Handle BE 2007 Rose Gold CP 300mm,INR 2000.00
"P5-B-Laher-GR-10""-Silk Grey",INR 0.00
"P5-B-Laher-GR-14""-Silk Grey",INR 0.00
"P5-B-Laher-GR-16""-Silk Grey",INR 0.00
"P5-B-Laher-GR-24""-Silk Grey",INR 0.00
"P9-B-Laher-BS-32""-SS",INR 0.00
"P9-B-Laher-BS-34""-SS",INR 0.00
Gliza-K 04-Robe Hook-Black-6 Hook,INR 0.00
SH2026 Mindi Handle Silk Copper,INR 0.00
Vinges Frame Fixing Screw 140x10,INR 0.00
Mozilla Plate Handle Set M-1022 F,INR 1925.00
7021 CP Satin 96mm,INR 247.00
"P10-Diamond-BS-8""-SS",INR 0.00
"P10-Diamond-BS-16""-SS",INR 0.00
"P10-Diamond-BS-24""-SS",INR 0.00
"GL-1 Wooden Glass Door Handle 36""",INR 2700.00
MD-6(6x6),INR 970.00
Mozilla Rose Handle Set M-1025 Z,INR 1500.00
5-Line SS Hinges Welded 3x12,INR 52.00
"P10-Diamond-BS-28""-RG",INR 0.00
"P10-Diamond-BS-36""-RG",INR 0.00
"P7-Laher-BS-28""-RG",INR 0.00
"P7-Laher-BS-30""-RG",INR 0.00
"P8-Diamond-GR-16""-Silk Rose Gold",INR 0.00
"P8-Diamond-GR-12""-Silk Rose Gold",INR 0.00
"P8-Diamond-GR-20""-Silk Rose Gold",INR 0.00
"P8-Diamond-GR-28""-Silk Rose Gold",INR 0.00
"P8-Diamond-GR-26""-Silk Rose Gold",INR 0.00
"P10-Diamond-BS-14""-Silk Rose Gold",INR 0.00
"P10-Diamond-BS-18""-Silk Rose Gold",INR 0.00
"P10-Diamond-BS-32""-Silk Rose Gold",INR 0.00
5-line SS Hinges Welded 3x3/8x5/8,INR 0.00
"P5-B-Laher-GR-20""-Silk Grey",INR 0.00
"P5-B-Laher-GR-18""-Silk Grey",INR 0.00
"P9-B-Laher-BS-36""-SS",INR 0.00
SS U-Patti 19mm 10ft Gold,INR 0.00
